file,status,report_type,format,confidence,records,valid_records,invalid_records,error,processing_duration
..\data\incoming\20250425\00001\ACCOUNT_ALTERATION_DETAILS_REPORT.txt.gz,REVIEW,AU0035-01,WHITESPACE,0.80,0,0,0,,0.00
..\data\incoming\20250425\00001\ACCOUNT_CLOSED_REPORT.txt.gz,REVIEW,ACTCLS-01,WHITESPACE,0.80,0,0,0,,0.00
..\data\incoming\20250425\00001\ACCOUNT_OPENED_REPORT.txt.gz,REVIEW,ACTOPN-01,WHITESPACE,0.80,0,0,0,,0.00
..\data\incoming\20250425\00001\ARREARS_BREAK_UP_lond2498.txt.gz,REVIEW,BR2498-01,WHITESPACE,0.80,0,0,0,,0.00
..\data\incoming\20250425\00001\BAL_IN_GL_ACC_GLCC_WISE_DET_.txt.gz,REVIEW,GL7046-01,DELIMITED,0.82,0,0,0,,0.00
..\data\incoming\20250425\00001\BAL_IN_LOAN_ACC_GLCC_WISE_DET.txt.gz,REVIEW,GL7044-01,WHITESPACE,0.80,0,0,0,,0.00
..\data\incoming\20250425\00001\BAL_IN_LOAN_ACC_GLCC_WISE_SUM.txt.gz,REVIEW,GL7044-02,WHITESPACE,0.80,0,0,0,,0.00
..\data\incoming\20250425\00001\Bgl_txn_enquiry_gend0600_153575.txt.gz,REVIEW,GL0600-01,WHITESPACE,0.80,0,0,0,,0.00
..\data\incoming\20250425\00001\CC_OD_Balance_File_depd0580.txt.gz,SUCCESS,IN0580-01,DELIMITED,0.91,840,840,0,,0.02
..\data\incoming\20250425\00001\Coll_Matured_Sec_lond2444.txt.gz,REVIEW,BR2444-01,WHITESPACE,0.80,0,0,0,,0.00
..\data\incoming\20250425\00001\Credit_balance_in_expense_account-gend7042.txt.gz,REVIEW,GL7042-01,WHITESPACE,0.80,0,0,0,,0.00
..\data\incoming\20250425\00001\CUSTOMER_MEMBER_REPORT.txt.gz,REVIEW,CF7469,WHITESPACE,0.80,0,0,0,,0.00
..\data\incoming\20250425\00001\Daily_Productwise_report_loan_dep_clearing_gnbd7376.txt.gz,REVIEW,GB7376,WHITESPACE,0.80,0,0,0,,0.00
..\data\incoming\20250425\00001\Debit_balance_in_income_account-gend7041.txt.gz,REVIEW,UNKNOWN,WHITESPACE,0.70,0,0,0,,0.00
..\data\incoming\20250425\00001\Debit_transactions_on_income_acct-gend7045.txt.gz,REVIEW,GL7045-01,WHITESPACE,0.80,0,0,0,,0.00
..\data\incoming\20250425\00001\Deposits_Balance_File_depd0586.txt.gz,SUCCESS,IN0586-01,DELIMITED,0.94,1496,1496,0,,0.03
..\data\incoming\20250425\00001\DEP_Shadow_file.txt.gz,REVIEW,UNKNOWN,WHITESPACE,0.70,0,0,0,,0.00
..\data\incoming\20250425\00001\Drawing_Power_lond2388.txt.gz,REVIEW,BR2388-01,DELIMITED,0.80,0,0,0,,0.00
..\data\incoming\20250425\00001\EXCEPTION_REPORT_depd0670.txt.gz,SUCCESS,IN0670-01,DELIMITED,0.92,67,67,0,,0.00
..\data\incoming\20250425\00001\exception_report_for_interest_rates_variation_depd0650.txt.gz,REVIEW,IN0650-01,DELIMITED,0.83,0,0,0,,0.00
..\data\incoming\20250425\00001\gend1012.prt.txt.gz,REVIEW,GL1012-01,WHITESPACE,0.80,0,0,0,,0.00
..\data\incoming\20250425\00001\gend1012.prt2.txt.gz,REVIEW,GL1012-01,WHITESPACE,0.80,0,0,0,,0.00
..\data\incoming\20250425\00001\GL-DayBook-gend0807.txt.gz,REVIEW,GL0807-01,WHITESPACE,0.80,0,0,0,,0.00
..\data\incoming\20250425\00001\GLCC_WISE_BAL_REP.txt.gz,REVIEW,GL7043-01,WHITESPACE,0.80,0,0,0,,0.00
..\data\incoming\20250425\00001\GLCC_WISE_SUM_REP.txt.gz,REVIEW,GL7043-02,WHITESPACE,0.80,0,0,0,,0.00
..\data\incoming\20250425\00001\HomeBranchUsers-cfpd0300.txt.gz,REVIEW,SY0300-01,WHITESPACE,0.80,0,0,0,,0.00
..\data\incoming\20250425\00001\Id_Least_Transaction_lond2482.txt.gz,REVIEW,BR2482-01,WHITESPACE,0.80,0,0,0,,0.00
..\data\incoming\20250425\00001\Id_Users_Logged_No_Transactions_lond2482.txt.gz,REVIEW,BR2482-01,WHITESPACE,0.80,0,0,0,,0.00
..\data\incoming\20250425\00001\Id_Users_Terminals_Not_Logged_lond2482.txt.gz,REVIEW,BR2482-01,WHITESPACE,0.80,0,0,0,,0.00
..\data\incoming\20250425\00001\Interbranch_Transactions_by_us_cifd0528.txt.gz,REVIEW,UNKNOWN,WHITESPACE,0.70,0,0,0,,0.00
..\data\incoming\20250425\00001\InterestRateChangeLoans-cfpd0337.txt.gz,REVIEW,SY0337-01,WHITESPACE,0.80,0,0,0,,0.00
..\data\incoming\20250425\00001\Irregular_excess_draw_lond2397CPC.txt.gz,SUCCESS,BR2397-01,DELIMITED,0.94,155,155,0,,0.01
..\data\incoming\20250425\00001\LIST_OF_NPA_ACCOUNTS.txt.gz,REVIEW,NPALIST1,WHITESPACE,0.80,0,0,0,,0.00
..\data\incoming\20250425\00001\LoansBalanceFile-lond2390.txt.gz,REVIEW,BR2390-01,WHITESPACE,0.80,0,0,0,,0.00
..\data\incoming\20250425\00001\LOANS_SANCTION_LETTER_FOR_AC402000294534.txt.gz,REVIEW,UNKNOWN,DELIMITED,0.80,0,0,0,,0.00
..\data\incoming\20250425\00001\LOAN_IRREGULAR_REPORT.txt.gz,REVIEW,BR2490-01,WHITESPACE,0.80,0,0,0,,0.00
..\data\incoming\20250425\00001\LON_Shadow_file.txt.gz,REVIEW,UNKNOWN,FIXED_WIDTH,0.95,0,0,0,No parser found in REGISTRY for report_id: None,0.00
..\data\incoming\20250425\00001\non_home_branch_cifd0363.txt.gz,REVIEW,SY0363-01,WHITESPACE,0.80,0,0,0,,0.00
..\data\incoming\20250425\00001\NPA_STMT.txt.gz,REVIEW,NPAD0001,WHITESPACE,0.80,0,0,0,,0.00
..\data\incoming\20250425\00001\Overdue_Notice_lond2384.txt.gz,REVIEW,UNKNOWN,DELIMITED,0.70,0,0,0,,0.00
..\data\incoming\20250425\00001\Probable_NPA_Report_lond2463.txt.gz,REVIEW,BR2463-01,WHITESPACE,0.80,0,0,0,,0.00
..\data\incoming\20250425\00001\Report_High_Value_Transactions.txt.gz,REVIEW,BR2599-01,WHITESPACE,0.80,0,0,0,,0.00
..\data\incoming\20250425\00001\Report_Maturing_Securities_lond2443.txt.gz,REVIEW,BR2443-01,WHITESPACE,0.80,0,0,0,,0.00
..\data\incoming\20250425\00001\RUPEE_DRAWING_LIST_cfpd0388.txt.gz,UNKNOWN,SY0388-01,UNKNOWN,0.00,0,0,0,,0.00
..\data\incoming\20250425\00001\Supplimentary_control_gend7484.txt.gz,REVIEW,GN7484,WHITESPACE,0.80,0,0,0,,0.00
..\data\incoming\20250425\00001\Supplimentary_control_gend7516.txt.gz,REVIEW,GN7516,WHITESPACE,0.80,0,0,0,,0.00
..\data\incoming\20250425\00001\Supplimentary_report_gend7484.txt.gz,REVIEW,GN7484,WHITESPACE,0.80,0,0,0,,0.00
..\data\incoming\20250425\00001\Transfer_Supplementary_gend7484.txt.gz,REVIEW,GN7484,WHITESPACE,0.80,0,0,0,,0.00
..\data\incoming\20250425\00001\Transfer_Supplementary_gend7516.txt.gz,REVIEW,GN7516,WHITESPACE,0.80,0,0,0,,0.00
..\data\incoming\20250425\00001\Voucher_varification_report_cfpd0331.txt.gz,REVIEW,SY0331-01,WHITESPACE,0.80,0,0,0,,0.00
..\data\incoming\20250425\00001\Voucher_varification_report_cfpd0344.txt.gz,REVIEW,SY0344-01,WHITESPACE,0.80,0,0,0,,0.00
